{"cameraMode":{"drawMode":0,"name":"Shaded","section":"Shading Mode"},"sceneLighting":true,"audioPlay":false,"sceneViewState":{"m_AlwaysRefresh":false,"showFog":true,"showSkybox":true,"showFlares":true,"showImageEffects":true,"showParticleSystems":true,"showVisualEffectGraphs":true,"m_FxEnabled":true},"in2DMode":false,"pivot":{"x":3.1426076889038088,"y":24.307748794555665,"z":-19.008005142211915},"rotation":{"x":0.0009579464676789939,"y":0.9954123497009277,"z":-0.09547590464353562,"w":0.009824388660490513},"size":12.12435531616211,"orthographic":false}