{"cameraMode":{"drawMode":0,"name":"Shaded","section":"Shading Mode"},"sceneLighting":true,"audioPlay":false,"sceneViewState":{"m_AlwaysRefresh":false,"showFog":true,"showSkybox":true,"showFlares":true,"showImageEffects":true,"showParticleSystems":true,"showVisualEffectGraphs":true,"m_FxEnabled":true},"in2DMode":false,"pivot":{"x":-0.8035562634468079,"y":28.320322036743165,"z":4.660946369171143},"rotation":{"x":-0.024533649906516076,"y":-0.5597193837165833,"z":0.01660069450736046,"w":-0.828174352645874},"size":2.0281221866607668,"orthographic":false}