{"cameraMode":{"drawMode":0,"name":"Shaded","section":"Shading Mode"},"sceneLighting":true,"audioPlay":false,"sceneViewState":{"m_AlwaysRefresh":false,"showFog":true,"showSkybox":true,"showFlares":true,"showImageEffects":true,"showParticleSystems":true,"showVisualEffectGraphs":true,"m_FxEnabled":true},"in2DMode":false,"pivot":{"x":74.24014282226563,"y":16.005699157714845,"z":-30.674104690551759},"rotation":{"x":0.007561026141047478,"y":0.25471219420433047,"z":-0.002832947066053748,"w":0.9671235084533691},"size":1.884863257408142,"orthographic":false}