{"cameraMode":{"drawMode":0,"name":"Shaded","section":"Shading Mode"},"sceneLighting":true,"audioPlay":false,"sceneViewState":{"m_AlwaysRefresh":false,"showFog":true,"showSkybox":true,"showFlares":true,"showImageEffects":true,"showParticleSystems":true,"showVisualEffectGraphs":true,"m_FxEnabled":true},"in2DMode":false,"pivot":{"x":7.207985877990723,"y":27.942659378051759,"z":8.054296493530274},"rotation":{"x":0.021333172917366029,"y":-0.9023950099945068,"z":0.044919926673173907,"w":0.4287109971046448},"size":2.5221617221832277,"orthographic":false}