{"cameraMode":{"drawMode":0,"name":"Shaded","section":"Shading Mode"},"sceneLighting":true,"audioPlay":false,"sceneViewState":{"m_AlwaysRefresh":false,"showFog":true,"showSkybox":true,"showFlares":true,"showImageEffects":true,"showParticleSystems":true,"showVisualEffectGraphs":true,"m_FxEnabled":true},"in2DMode":false,"pivot":{"x":5.357706069946289,"y":-3.7667577266693117,"z":18.074626922607423},"rotation":{"x":0.13996291160583497,"y":0.09015407413244248,"z":-0.012793353758752346,"w":0.9859907627105713},"size":12.968099594116211,"orthographic":false}