{"cameraMode":{"drawMode":0,"name":"Shaded","section":"Shading Mode"},"sceneLighting":true,"audioPlay":false,"sceneViewState":{"m_AlwaysRefresh":false,"showFog":true,"showSkybox":true,"showFlares":true,"showImageEffects":true,"showParticleSystems":true,"showVisualEffectGraphs":true,"m_FxEnabled":true},"in2DMode":false,"pivot":{"x":-2.8278932571411135,"y":-7.841612815856934,"z":13.148412704467774},"rotation":{"x":-0.18517476320266725,"y":0.21041004359722138,"z":-0.04073908552527428,"w":-0.9587827324867249},"size":15.189925193786621,"orthographic":false}