{"cameraMode":{"drawMode":0,"name":"Shaded","section":"Shading Mode"},"sceneLighting":true,"audioPlay":false,"sceneViewState":{"m_AlwaysRefresh":false,"showFog":true,"showSkybox":true,"showFlares":true,"showImageEffects":true,"showParticleSystems":true,"showVisualEffectGraphs":true,"m_FxEnabled":true},"in2DMode":false,"pivot":{"x":39.450782775878909,"y":27.528608322143556,"z":8.693485260009766},"rotation":{"x":-0.09631966799497605,"y":0.26652291417121889,"z":-0.026723843067884446,"w":-0.9586452841758728},"size":2.0281221866607668,"orthographic":false}