{"cameraMode":{"drawMode":0,"name":"Shaded","section":"Shading Mode"},"sceneLighting":true,"audioPlay":false,"sceneViewState":{"m_AlwaysRefresh":false,"showFog":true,"showSkybox":true,"showFlares":true,"showImageEffects":true,"showParticleSystems":true,"showVisualEffectGraphs":true,"m_FxEnabled":true},"in2DMode":false,"pivot":{"x":9.862567901611329,"y":24.266834259033204,"z":15.041877746582032},"rotation":{"x":0.0889945849776268,"y":-0.5569175481796265,"z":0.060154352337121966,"w":0.8236082196235657},"size":12.12435531616211,"orthographic":false}