{"cameraMode":{"drawMode":0,"name":"Shaded","section":"Shading Mode"},"sceneLighting":true,"audioPlay":false,"sceneViewState":{"m_AlwaysRefresh":false,"showFog":true,"showSkybox":true,"showFlares":true,"showImageEffects":true,"showParticleSystems":true,"showVisualEffectGraphs":true,"m_FxEnabled":true},"in2DMode":false,"pivot":{"x":18.912784576416017,"y":29.848752975463868,"z":7.390730857849121},"rotation":{"x":-0.05126633122563362,"y":0.9389111995697022,"z":0.15956182777881623,"w":0.300851970911026},"size":1.9736788272857667,"orthographic":false}